country	id	surname	forename	sex
BA	AhmetovićSadik	Sadik	Ahmetović	M
BA	AjanovićEkrem	Ekrem	Ajanović	M
BA	AkšamijaGoran	Goran	Akšamija	U
BA	AlagićRaifa	Raifa	Alagić	F
BA	AlagićVahid	Vahid	Alagić	U
BA	AlajbegovićAzra	Azra	Alajbegović	F
BA	AlijagićAmila	Amila	Alijagić	U
BA	AlkalajSven	Sven	Alkalaj	U
BA	AltićMuhamed	Muhamed	Altić	M
BA	AmiđićMarko	Marko	Amiđić	M
BA	AndrićFilip	Filip	Andrić	M
BA	AndrićLužanskiIvo	Ivo	Andrić Lužanski	U
BA	AntoSpajić	Spajić	Anto	U
BA	ArnautBoriša	Boriša	Arnaut	U
BA	ArnautDamir	Damir	Arnaut	M
BA	ArnautSrđan	Srđan	Arnaut	U
BA	ArnautovićSuad	Suad	Arnautović	U
BA	AvdićSead	Sead	Avdić	M
BA	AšaninMarko	Marko	Ašanin	U
BA	AšimićIlij	Ilij	Ašimić	U
BA	BabaljDarko	Darko	Babalj	M
BA	BackovićZaim	Zaim	Backović	M
BA	BahtićSadik	Sadik	Bahtić	M
BA	BajrambašićIzet	Izet	Bajrambašić	U
BA	BakovićMirko	Mirko	Baković	M
BA	BaltaRadenka	Radenka	Balta	F
BA	BanjacMirko	Mirko	Banjac	M
BA	BarašinMilorad	Milorad	Barašin	U
BA	BaručijaAida	Aida	Baručija	F
BA	BašićAdnan	Adnan	Bašić	M
BA	BašićHaris	Haris	Bašić	U
BA	BeganovićMensura	Mensura	Beganović	M
BA	BegićMuhamed	Muhamed	Begić	U
BA	BegićMustafa	Mustafa	Begić	U
BA	BegićZlatan	Zlatan	Begić	M
BA	BegovićMuhamed	Muhamed	Begović	M
BA	BektoSamir	Samir	Bekto	U
BA	BelkićBeriz	Beriz	Belkić	M
BA	BevandaVjekoslav	Vjekoslav	Bevanda	U
BA	BećirbašićEnes	Enes	Bećirbašić	U
BA	BećirbašićSmail	Smail	Bećirbašić	M
BA	BećirovićDamir	Damir	Bećirović	M
BA	BećirovićDenis	Denis	Bećirović	M
BA	BećirovićHasan	Hasan	Bećirović	M
BA	BešlagićSelim	Selim	Bešlagić	M
BA	BijedićEnver	Enver	Bijedić	M
BA	BilbijaŽeljko	Željko	Bilbija	M
BA	BisićMustafa	Mustafa	Bisić	U
BA	BičakčićEdhem	Edhem	Bičakčić	M
BA	BjelobrkBoro	Boro	Bjelobrk	M
BA	BlagojevićMirko	Mirko	Blagojević	M
BA	BlocerPiter	Piter	Blocer	U
BA	BogdanićDragan	Dragan	Bogdanić	M
BA	BogdanovićRadomir	Radomir	Bogdanović	U
BA	BogićevićBogić	Bogić	Bogićević	M
BA	BojićBorislav	Borislav	Bojić	M
BA	BorenovićBranislav	Branislav	Borenović	M
BA	BorićAdem	Adem	Borić	M
BA	BorovacSemiha	Semiha	Borovac	U
BA	BosićBoro	Boro	Bosić	U
BA	BosićMladen	Mladen	Bosić	M
BA	BoškoŠiljeković	Šiljeković	Boško	U
BA	BošnjakJovica	Jovica	Bošnjak	U
BA	BošnjakMilenka	Milenka	Bošnjak	F
BA	BožanićDragan	Dragan	Božanić	U
BA	BožićRadomir	Radomir	Božić	U
BA	BradaraLidija	Lidija	Bradara	F
BA	BradarićMehmed	Mehmed	Bradarić	M
BA	BrankovićNedžad	Nedžad	Branković	U
BA	BrkaOsman	Osman	Brka	M
BA	BrkićJosip	Josip	Brkić	U
BA	BursaćSaša	Saša	Bursać	M
BA	ButurovićSead	Sead	Buturović	M
BA	CikotićSelmo	Selmo	Cikotić	U
BA	CrnadakIgor	Igor	Crnadak	U
BA	CrnjakMirjana	Mirjana	Crnjak	U
BA	CrnčevićBranislava	Branislava	Crnčević	U
BA	CuplovMustafa	Mustafa	Cuplov	M
BA	DalipagićSaša	Saša	Dalipagić	U
BA	DautbašićBakir	Bakir	Dautbašić	U
BA	DebevecRanko	Ranko	Debevec	U
BA	DedićŠemsudin	Šemsudin	Dedić	M
BA	DejanovićMirko	Mirko	Dejanović	U
BA	DemirovićSafer	Safer	Demirović	M
BA	DeretićMiodrag	Miodrag	Deretić	M
BA	DervozIsmeta	Ismeta	Dervoz	F
BA	DiksonĐoni	Đoni	Dikson	U
BA	DilberovićEdin	Edin	Dilberović	U
BA	DivkovićIvo	Ivo	Divković	M
BA	DivčićIvo	Ivo	Divčić	U
BA	DizdarevićDamir	Damir	Dizdarević	U
BA	DizdarevićEmir	Emir	Dizdarević	U
BA	DokićBranko	Branko	Dokić	M
BA	DokoDragan	Dragan	Doko	U
BA	DolićRifat	Rifat	Dolić	M
BA	DomazetAnto	Anto	Domazet	M
BA	DraganićMilomir	Milomir	Draganić	U
BA	DragutinIlić	Ilić	Dragutin	U
BA	DugandžićVlatko	Vlatko	Dugandžić	U
BA	DumančićVinko	Vinko	Dumančić	U
BA	DurakovićKemal	Kemal	Duraković	U
BA	DurakovićNijaz	Nijaz	Duraković	M
BA	DžaferovićŠefik	Šefik	Džaferović	M
BA	DžafićSuad	Suad	Džafić	U
BA	DžakulaMiro	Miro	Džakula	U
BA	DžambasZdenka	Zdenka	Džambas	F
BA	DžonsonRasellord	Rasellord	Džonson	U
BA	DžumhurJasminka	Jasminka	Džumhur	U
BA	EmrićJasmin	Jasmin	Emrić	M
BA	EnesBećirbašić	Bećirbašić	Enes	U
BA	ErićSavo	Savo	Erić	U
BA	EstreljaRafael	Rafael	Estrelja	U
BA	EždaunPedi	Pedi	Eždaun	U
BA	FazlićAmir	Amir	Fazlić	M
BA	FelićHazim	Hazim	Felić	M
BA	FerzanovićBranislava	Branislava	Ferzanović	M
BA	FilipovićDarijana	Darijana	Filipović	F
BA	FilipovićErma	Erma	Filipović	U
BA	FilipovićIlija	Ilija	Filipović	M
BA	FilipovićMediha	Mediha	Filipović	F
BA	FilipovićOmer	Omer	Filipović	M
BA	FočoDženita	Dženita	Fočo	U
BA	FranjičevićMato	Mato	Franjičević	M
BA	GalićJakov	Jakov	Galić	M
BA	GalićValerija	Valerija	Galić	U
BA	GasalVražalicaMaja	Maja	Gasal-Vražalica	F
BA	GavranDušan	Dušan	Gavran	U
BA	GenjacHalid	Halid	Genjac	M
BA	GlavašVlatko	Vlatko	Glavaš	M
BA	GligorićTihomir	Tihomir	Gligorić	M
BA	GotovušaEsad	Esad	Gotovuša	U
BA	GrabovacMilenko	Milenko	Grabovac	U
BA	GrabovacTitanMiro	Miro	Grabovac Titan	M
BA	GrbićAnto	Anto	Grbić	U
BA	GrubešaJosip	Josip	Grubeša	U
BA	GrubešićNiko	Niko	Grubešić	U
BA	GudeljevićAnkica	Ankica	Gudeljević	U
BA	HadţiabdićIrena	Irena	Hadţiabdić	U
BA	HadžagićEsma	Esma	Hadžagić	U
BA	HadžiJovan	Jovan	Hadži	U
BA	HadžiabdićIrena	Irena	Hadžiabdić	U
BA	HadžiahmetovićAzra	Azra	Hadžiahmetović	F
BA	HadžibegoćReuf	Reuf	Hadžibegoć	U
BA	HadžićDamir	Damir	Hadžić	U
BA	HadžićIzet	Izet	Hadžić	M
BA	HadžovićVedran	Vedran	Hadžović	U
BA	HalilagićJusuf	Jusuf	Halilagić	U
BA	HalilovićEnver	Enver	Halilović	U
BA	HalilovićSefer	Sefer	Halilović	M
BA	HamondPhilip	Philip	Hamond	U
BA	HavelAna	Ana	Havel	F
BA	HaverićFadil	Fadil	Haverić	U
BA	HelezZukan	Zukan	Helez	M
BA	HercegMugdin	Mugdin	Herceg	M
BA	HodžićSead	Sead	Hodžić	U
BA	HodžićSeudin	Seudin	Hodžić	M
BA	HuremovićMehmedalija	Mehmedalija	Huremović	U
BA	HurtićZlatko	Zlatko	Hurtić	U
BA	HuskićAdem	Adem	Huskić	M
BA	IbrahimovićFadila	Fadila	Ibrahimović	U
BA	IbrahimpašićAdem	Adem	Ibrahimpašić	M
BA	IlićDragutin	Dragutin	Ilić	M
BA	ImamovićMuharem	Muharem	Imamović	U
BA	IsakovićMirsad	Mirsad	Isaković	M
BA	IsakovićMunib	Munib	Isaković	U
BA	IvanićMladen	Mladen	Ivanić	M
BA	IvankovićJerko	Jerko	Ivanković	M
BA	IvankovićLijanovićJerko	Jerko	Ivanković Lijanović	M
BA	IvankovićLijanovićMladen	Mladen	Ivanković Lijanović	M
BA	IzetbegovićBakir	Bakir	Izetbegović	M
BA	IštvanićZlatan	Zlatan	Ištvanić	U
BA	JadrankoTomić	Tomić	Jadranko	U
BA	JagodićZijad	Zijad	Jagodić	M
BA	JahićAdnan	Adnan	Jahić	M
BA	JahićElmir	Elmir	Jahić	M
BA	JamakosmanovićSead	Sead	Jamakosmanović	M
BA	JancUdo	Udo	Janc	U
BA	JašarevićBajazit	Bajazit	Jašarević	M
BA	JelavićAnte	Ante	Jelavić	U
BA	JelečSead	Sead	Jeleč	U
BA	JerinićBoris	Boris	Jerinić	U
BA	JovanovićBranislava	Branislava	Jovanović	F
BA	JovanovićMiloš	Miloš	Jovanović	M
BA	JovanovićMirko	Mirko	Jovanović	M
BA	JovićIvoMiro	Ivo Miro	Jović	M
BA	JovićPredrag	Predrag	Jović	U
BA	JovičićSlavko	Slavko	Jovičić	M
BA	JukićNives	Nives	Jukić	U
BA	JukićRužica	Ružica	Jukić	U
BA	JukićVelimir	Velimir	Jukić	M
BA	JurišićZvonko	Zvonko	Jurišić	M
BA	JurčevićMarinko	Marinko	Jurčević	U
BA	JusićSead	Sead	Jusić	U
BA	JuskoIsmir	Ismir	Jusko	U
BA	JusufovićMunib	Munib	Jusufović	M
BA	KabilEmir	Emir	Kabil	M
BA	KadićRasim	Rasim	Kadić	M
BA	KadićSead	Sead	Kadić	M
BA	KadrićRemzija	Remzija	Kadrić	M
BA	KadrićZijad	Zijad	Kadrić	U
BA	KalabićDrago	Drago	Kalabić	M
BA	KamberovićVioleta	Violeta	Kamberović	F
BA	KapetanovićNermina	Nermina	Kapetanović	F
BA	KapetanovićSenija	Senija	Kapetanović	F
BA	KapetinaDragan	Dragan	Kapetina	U
BA	KaramatićMario	Mario	Karamatić	M
BA	KaramehićSelim	Selim	Karamehić	U
BA	KarićMunira	Munira	Karić	F
BA	KasumovićFuad	Fuad	Kasumović	U
BA	KeboMirsad	Mirsad	Kebo	U
BA	KlačarRajka	Rajka	Klačar	U
BA	KlobučarŽeljka	Željka	Klobučar	U
BA	KlokićLejla	Lejla	Klokić	F
BA	KneževićŽeljko	Željko	Knežević	U
BA	KojićSavo	Savo	Kojić	U
BA	KojovićPredrag	Predrag	Kojović	M
BA	KomšićVlatka	Vlatka	Komšić	F
BA	KomšićŽeljko	Željko	Komšić	M
BA	KoprivicaKojo	Kojo	Koprivica	U
BA	KoprivicaZoran	Zoran	Koprivica	M
BA	KoraćLidija	Lidija	Korać	U
BA	KovačPredrag	Predrag	Kovač	U
BA	KovačevićDragan	Dragan	Kovačević	U
BA	KovačevićLjubomir	Ljubomir	Kovačević	M
BA	KovačevićMatko	Matko	Kovačević	U
BA	KovačevićMomčilo	Momčilo	Kovačević	U
BA	KovačevićPetar	Petar	Kovačević	U
BA	KovićGordana	Gordana	Ković	U
BA	KovićGordanal	Gordanal	Ković	U
BA	KozarićKemal	Kemal	Kozarić	U
BA	KozarićRahmanLamija	Lamija	Kozarić Rahman	U
BA	KošaracStaša	Staša	Košarac	M
BA	KožulPredrag	Predrag	Kožul	M
BA	KraguljNikola	Nikola	Kragulj	U
BA	KrajtmerVinko	Vinko	Krajtmer	U
BA	KremenovićOstoja	Ostoja	Kremenović	U
BA	KresićMijo	Mijo	Kresić	U
BA	KrešićMijo	Mijo	Krešić	U
BA	KrešićStjepan	Stjepan	Krešić	M
BA	KrištoBorjana	Borjana	Krišto	F
BA	KrižanovićIvo	Ivo	Križanović	U
BA	KrižanovićJozo	Jozo	Križanović	M
BA	KrsmanRanko	Ranko	Krsman	U
BA	KrstovićSpremoVesna	Vesna	Krstović-Spremo	F
BA	KrčmarĐorđo	Đorđo	Krčmar	M
BA	KukićMirsad	Mirsad	Kukić	M
BA	KulenovićSalih	Salih	Kulenović	M
BA	KulinaDragan	Dragan	Kulina	U
BA	KulovićHamdija	Hamdija	Kulović	M
BA	KumalićJusuf	Jusuf	Kumalić	U
BA	KunićPetar	Petar	Kunić	M
BA	KupusovićNamik	Namik	Kupusović	U
BA	KurnićŽiko	Žiko	Kurnić	U
BA	KurtovićMirsad	Mirsad	Kurtović	U
BA	KutlešaZvonimir	Zvonimir	Kutleša	U
BA	KuzmanovićŽeljko	Željko	Kuzmanović	M
BA	KušljugićMirza	Mirza	Kušljugić	M
BA	LagumdžijaZlatko	Zlatko	Lagumdžija	M
BA	LakićMilica	Milica	Lakić	U
BA	LalićNenad	Nenad	Lalić	M
BA	LasićMile	Mile	Lasić	U
BA	LažetićDragana	Dragana	Lažetić	U
BA	LehoFatima	Fatima	Leho	F
BA	LekoDamir	Damir	Leko	U
BA	LimovTihomir	Tihomir	Limov	U
BA	LimovTomislav	Tomislav	Limov	M
BA	LisakSead	Sead	Lisak	U
BA	LjubićBožo	Božo	Ljubić	M
BA	LjubićDamir	Damir	Ljubić	U
BA	LjubićMariofil	Mariofil	Ljubić	M
BA	LjubičićDrago	Drago	Ljubičić	M
BA	LokmićMisiračaJadranka	Jadranka	Lokmić Misirača	U
BA	LolićBranislav	Branislav	Lolić	M
BA	LovrinovićNikola	Nikola	Lovrinović	M
BA	LovrićLjiljana	Ljiljana	Lovrić	U
BA	LovrićVelimir	Velimir	Lovrić	U
BA	LozančićIvo	Ivo	Lozančić	M
BA	LozančićNiko	Niko	Lozančić	M
BA	LučićMilošJovićNedeljko	Miloš	Lučić	U
BA	LučićMiloš	Miloš	Lučić	U
BA	MadunićIvan	Ivan	Madunić	M
BA	MagazinovićSaša	Saša	Magazinović	M
BA	MahmutovićDževad	Dževad	Mahmutović	U
BA	MajdandžićFranjo	Franjo	Majdandžić	M
BA	MajićPetar	Petar	Majić	U
BA	MajkićDušanka	Dušanka	Majkić	F
BA	MalićMilomir	Milomir	Malić	U
BA	MalićMirjana	Mirjana	Malić	F
BA	MalićMomir	Momir	Malić	M
BA	MalkićAbdurahman	Abdurahman	Malkić	M
BA	MalkićAbduselam	Abduselam	Malkić	U
BA	MandićHelena	Helena	Mandić	U
BA	MandićMladen	Mladen	Mandić	U
BA	MandraNermin	Nermin	Mandra	M
BA	MarinSlavko	Slavko	Marin	U
BA	MarinkovićVaso	Vaso	Marinković	U
BA	MarinkovićLepićMirjana	Mirjana	Marinković – Lepić	F
BA	MarinovićIvica	Ivica	Marinović	U
BA	MarićLjerka	Ljerka	Marić	U
BA	MarićZoran	Zoran	Marić	M
BA	MarjanacŽivko	Živko	Marjanac	U
BA	MarjanovićDarko	Darko	Marjanović	U
BA	MarkovićMilica	Milica	Marković	F
BA	MarkovićPero	Pero	Marković	U
BA	MartinovićDanijela	Danijela	Martinović	F
BA	MatanovićMijo	Mijo	Matanović	M
BA	MatanovićSlavko	Slavko	Matanović	U
BA	MatićBožidar	Božidar	Matić	U
BA	MatićSlavko	Slavko	Matić	M
BA	MačkićSead	Sead	Mačkić	U
BA	MađarPero	Pero	Mađar	U
BA	MašinovićMuharem	Muharem	Mašinović	U
BA	MašićDamir	Damir	Mašić	M
BA	MašovićAmor	Amor	Mašović	M
BA	MehmedovićŠemsudin	Šemsudin	Mehmedović	M
BA	MehtićHalil	Halil	Mehtić	M
BA	MekićDragiša	Dragiša	Mekić	U
BA	MektićDragan	Dragan	Mektić	F
BA	MerdžoJosip	Josip	Merdžo	U
BA	MervanRamiz	Ramiz	Mervan	U
BA	MešanovićHamed	Hamed	Mešanović	U
BA	MešićMirsad	Mirsad	Mešić	M
BA	MihajlovićBožo	Božo	Mihajlović	U
BA	MihajlovićSvetozar	Svetozar	Mihajlović	U
BA	MijatovićMirko	Mirko	Mijatović	M
BA	MijatovićVojin	Vojin	Mijatović	U
BA	MijačevićIvo	Ivo	Mijačević	M
BA	MikerevićDragan	Dragan	Mikerević	U
BA	MikićDanijela	Danijela	Mikić	U
BA	MikićStjepan	Stjepan	Mikić	U
BA	MikulićAnita	Anita	Mikulić	F
BA	MilašinLjiljana	Ljiljana	Milašin	F
BA	MiletićDragica	Dragica	Miletić	U
BA	MiletićIvan	Ivan	Miletić	U
BA	MiletićMate	Mate	Miletić	U
BA	MiletićZlatko	Zlatko	Miletić	M
BA	MilinićGordan	Gordan	Milinić	U
BA	MilinovićZdenko	Zdenko	Milinović	U
BA	MilićevićLjiljana	Ljiljana	Milićević	F
BA	MilićevićĐorđe	Đorđe	Milićević	U
BA	MiljanovićLjubica	Ljubica	Miljanović	F
BA	MilojevićGoran	Goran	Milojević	M
BA	MilovanovićMiroslav	Miroslav	Milovanović	M
BA	MiočGabrijel	Gabrijel	Mioč	U
BA	MirjanićŽeljko	Željko	Mirjanić	M
BA	MirkovićDragan	Dragan	Mirković	M
BA	MitrovićVojin	Vojin	Mitrović	U
BA	MitrovićHadžiJovan	Jovan	Mitrović Hadži	U
BA	MišićIvica	Ivica	Mišić	U
BA	MišićNenad	Nenad	Mišić	M
BA	MladinaNada	Nada	Mladina	F
BA	MlaćoDževad	Dževad	Mlaćo	U
BA	MlaćoNadžida	Nadžida	Mlaćo	F
BA	MoranjkićMuhamed	Muhamed	Moranjkić	M
BA	MuharemImamović	Imamović	Muharem	U
BA	MuminagićSuada	Suada	Muminagić	F
BA	MuminovićZada	Zada	Muminović	U
BA	MuratovićHasan	Hasan	Muratović	U
BA	MuratovićZakira	Zakira	Muratović	U
BA	MušićEdin	Edin	Mušić	M
BA	MušovićSamir	Samir	Mušović	U
BA	NakašAbdulah	Abdulah	Nakaš	M
BA	NanićHusein	Husein	Nanić	M
BA	NeimarlijaHilmo	Hilmo	Neimarlija	M
BA	NekićDževad	Dževad	Nekić	U
BA	NešićNenad	Nenad	Nešić	M
BA	NeškovićDušan	Dušan	Nešković	U
BA	NikićStjepan	Stjepan	Nikić	U
BA	NikolPiter	Piter	Nikol	U
BA	NikšićNermin	Nermin	Nikšić	M
BA	NinkovićBojan	Bojan	Ninković	U
BA	NinkovićRanko	Ranko	Ninković	U
BA	NišićSvetozar	Svetozar	Nišić	U
BA	NovakovićMomčilo	Momčilo	Novaković	M
BA	NovakovićBursaćSnježana	Snježana	Novaković – Bursać	F
BA	NovićSredoje	Sredoje	Nović	M
BA	NovkovićMilorad	Milorad	Novković	U
BA	OdobašićIzet	Izet	Odobašić	U
BA	OkolićMirko	Mirko	Okolić	M
BA	OmersoftićAmila	Amila	Omersoftić	U
BA	OrtonFrank	Frank	Orton	U
BA	OručevićSafet	Safet	Oručević	M
BA	OsmanovićAdil	Adil	Osmanović	M
BA	OsmanovićBahrija	Bahrija	Osmanović	F
BA	PajićĐoko	Đoko	Pajić	M
BA	PalavrćSeada	Seada	Palavrć	U
BA	PamukMustafa	Mustafa	Pamuk	M
BA	PandurevićAleksandra	Aleksandra	Pandurević	F
BA	PandurevićMilorad	Milorad	Pandurević	U
BA	PandurevićMiodrag	Miodrag	Pandurević	U
BA	ParavacBorislav	Borislav	Paravac	U
BA	ParavlićSeada	Seada	Paravlić	U
BA	PašalićIvica	Ivica	Pašalić	U
BA	PašalićIvicaLhotak	Ivica (Lhotak)	Pašalić	M
BA	PašićHilmo	Hilmo	Pašić	U
BA	PejićIgor	Igor	Pejić	U
BA	PejićNikola	Nikola	Pejić	U
BA	PekićMira	Mira	Pekić	F
BA	PelivanJure	Jure	Pelivan	U
BA	PendešMarina	Marina	Pendeš	F
BA	PerićBranko	Branko	Perić	U
BA	PerkanovićMarija	Marija	Perkanović	F
BA	PerkanovićZoran	Zoran	Perkanović	U
BA	PetrovićObren	Obren	Petrović	M
BA	PećanacBrane	Brane	Pećanac	U
BA	PeštoErmin	Ermin	Pešto	U
BA	PeštoNermin	Nermin	Pešto	U
BA	PilavaAmir	Amir	Pilava	U
BA	PilicaJasmin	Jasmin	Pilica	U
BA	PiterNikol	Nikol	Piter	U
BA	PivićNezir	Nezir	Pivić	U
BA	PlehHasan	Hasan	Pleh	U
BA	PodžićSifet	Sifet	Podžić	M
BA	PoljaševićVeselin	Veselin	Poljašević	U
BA	PopadićMilana	Milana	Popadić	U
BA	PopadićNada	Nada	Popadić	U
BA	PopovićVitomir	Vitomir	Popović	U
BA	PotočnikMladen	Mladen	Potočnik	M
BA	PrimoracDražen	Dražen	Primorac	U
BA	PrimoracVilim	Vilim	Primorac	U
BA	PrlićJadranko	Jadranko	Prlić	U
BA	ProdanovićLazar	Lazar	Prodanović	M
BA	PudarZorka	Zorka	Pudar	U
BA	PuhalacSlobodan	Slobodan	Puhalac	U
BA	PurićMirsad	Mirsad	Purić	M
BA	PurićNermin	Nermin	Purić	M
BA	PuticaMarija	Marija	Putica	U
BA	RackovićĐorđe	Đorđe	Racković	U
BA	RadišićŽivko	Živko	Radišić	U
BA	RadmanovićNebojša	Nebojša	Radmanović	M
BA	RadončićFahrudin	Fahrudin	Radončić	M
BA	RadovanovićBećirbašić	Bećirbašić	Radovanović	U
BA	RadovanovićNikola	Nikola	Radovanović	U
BA	RadovanovićVinko	Vinko	Radovanović	M
BA	RadovićNade	Nade	Radović	U
BA	RaduljSlobodan	Slobodan	Radulj	U
BA	RagužMartin	Martin	Raguž	M
BA	RajilićSnježana	Snježana	Rajilić	U
BA	RajićBožo	Božo	Rajić	M
BA	RakićVito	Vito	Rakić	M
BA	RančićHazim	Hazim	Rančić	M
BA	RađevićDesanka	Desanka	Rađević	F
BA	RaščićRijad	Rijad	Raščić	M
BA	ReljićDragoljub	Dragoljub	Reljić	U
BA	RečicaNudžeim	Nudžeim	Rečica	U
BA	RidžalNaida	Naida	Ridžal	U
BA	RijanićŽeljko	Željko	Rijanić	U
BA	RistanRistić	Ristić	Ristan	M
BA	RizvanbegovićFahrudin	Fahrudin	Rizvanbegović	U
BA	RizvoSamir	Samir	Rizvo	U
BA	RodićDragutin	Dragutin	Rodić	M
BA	RudovićVido	Vido	Rudović	U
BA	SadikovićTarik	Tarik	Sadiković	U
BA	SadovićTarik	Tarik	Sadović	U
BA	SalihovićGoran	Goran	Salihović	U
BA	SalkićMirsad	Mirsad	Salkić	U
BA	SalkičevićDizdarevićErmina	Ermina	Salkićević Dizdarević	U
BA	SamardžijaŽeljko	Željko	Samardžija	U
BA	SandićLjubomir	Ljubomir	Sandić	U
BA	SarajlićAsim	Asim	Sarajlić	M
BA	SarajlićSaša	Saša	Sarajlić	U
BA	SavićNevenka	Nevenka	Savić	U
BA	SavićSnježana	Snježana	Savić	U
BA	SilajdžićHaris	Haris	Silajdžić	M
BA	SimićKrstan	Krstan	Simić	M
BA	SipovićMirsad	Mirsad	Sipović	M
BA	SkopljakPero	Pero	Skopljak	M
BA	SladojeNikola	Nikola	Sladoje	U
BA	SmajićMuhamed	Muhamed	Smajić	U
BA	SoftićSafet	Safet	Softić	M
BA	SoftićSenad	Senad	Softić	U
BA	SokolovićSalko	Salko	Sokolović	M
BA	SoptaRuža	Ruža	Sopta	F
BA	SpahićIbrahim	Ibrahim	Spahić	M
BA	SpajićAnto	Anto	Spajić	M
BA	SpasojevićZoran	Zoran	Spasojević	M
BA	SrkalovićMuris	Muris	Srkalović	U
BA	StanimirovićDragi	Dragi	Stanimirović	M
BA	StanićRadenko	Radenko	Stanić	U
BA	StanišićRajka	Rajka	Stanišić	U
BA	StevandićNenad	Nenad	Stevandić	M
BA	StojanovićRuža	Ruža	Stojanović	F
BA	StokićDušan	Dušan	Stokić	M
BA	SuljkanovićMehmed	Mehmed	Suljkanović	M
BA	SušacNiko	Niko	Sušac	M
BA	TadićGordana	Gordana	Tadić	U
BA	TadićOgnjen	Ognjen	Tadić	M
BA	TegeltijaMilan	Milan	Tegeltija	U
BA	TegeltijaZoran	Zoran	Tegeltija	U
BA	TerizićAdnan	Adnan	Terizić	U
BA	TerzićAdman	Adman	Terzić	U
BA	TešanovićZoran	Zoran	Tešanović	U
BA	TihićSulejman	Sulejman	Tihić	M
BA	TinjakHamdo	Hamdo	Tinjak	U
BA	TodorovićBranka	Branka	Todorović	U
BA	TodorovićJovan	Jovan	Todorović	U
BA	TokićSejfudin	Sejfudin	Tokić	M
BA	TomićBoško	Boško	Tomić	M
BA	TomićJadranko	Jadranko	Tomić	U
BA	TomićMonika	Monika	Tomić	F
BA	TomićNeven	Neven	Tomić	U
BA	TopićLidija	Lidija	Topić	U
BA	TopčagićOsman	Osman	Topčagić	U
BA	TošićMomir	Momir	Tošić	M
BA	TrišićLjiljana	Ljiljana	Trišić	U
BA	TrninićBožana	Božana	Trninić	U
BA	TrnkaKasim	Kasim	Trnka	U
BA	TulumovićMuhamed	Muhamed	Tulumović	U
BA	TučićBoris	Boris	Tučić	U
BA	TučjačaninGoran	Goran	Tučjačanin	M
BA	TuševljakMilorad	Milorad	Tuševljak	U
BA	TuševljakSpasoje	Spasoje	Tuševljak	U
BA	UsoracVladimir	Vladimir	Usorac	U
BA	UšanovićMubera	Mubera	Ušanović	F
BA	VajzovićHanka	Hanka	Vajzović	F
BA	VejoDamir	Damir	Vejo	U
BA	VidovićRudo	Rudo	Vidović	U
BA	VignjevićLidija	Lidija	Vignjević	U
BA	VilićMedina	Medina	Vilić	U
BA	VilićRamiz	Ramiz	Vilić	M
BA	VrankićDragan	Dragan	Vrankić	M
BA	VrdoljakKrunoslav	Krunoslav	Vrdoljak	M
BA	VukićZdenko	Zdenko	Vukić	M
BA	VukojaMarin	Marin	Vukoja	U
BA	VukojeMarin	Marin	Vukoje	U
BA	VukovićMirko	Mirko	Vuković	U
BA	VukovićSlaviša	Slaviša	Vuković	U
BA	VukovićVjekoslav	Vjekoslav	Vuković	U
BA	VukovljakJovan	Jovan	Vukovljak	M
BA	VulićSanja	Sanja	Vulić	F
BA	ZahirovićŠaban	Šaban	Zahirović	U
BA	ZaimovićUzunovićNermina	Nermina	Zaimović-Uzunović	F
BA	ZaćiragićEmina	Emina	Zaćiragić	F
BA	ZekovićMilad	Milad	Zeković	U
BA	ZelenikaDiana	Diana	Zelenika	F
BA	ZeljkoZoran	Zoran	Zeljko	U
BA	ZeljkovićSuad	Suad	Zeljković	U
BA	ZirojevićMladen	Mladen	Zirojević	U
BA	ZjajićMilan	Milan	Zjajić	U
BA	ZorićVinko	Vinko	Zorić	M
BA	ZovkoLjilja	Ljilja	Zovko	F
BA	ZovkoLjubomir	Ljubomir	Zovko	M
BA	ZovkoMirko	Mirko	Zovko	U
BA	ZrnoBranko	Branko	Zrno	M
BA	ZubakKrešimir	Krešimir	Zubak	U
BA	ZvizdićDenis	Denis	Zvizdić	M
BA	ĆemalovićNermina	Nermina	Ćemalović	M
BA	ĆemanMirsad	Mirsad	Ćeman	M
BA	ĆosićGoran	Goran	Ćosić	U
BA	ĆosićIvan	Ivan	Ćosić	U
BA	ČamparaAljoša	Aljoša	Čampara	U
BA	ČamparaAvdo	Avdo	Čampara	M
BA	ČaršimamovićTarik	Tarik	Čaršimamović	M
BA	ČauševićKemal	Kemal	Čaušević	U
BA	ČavarMladen	Mladen	Čavar	U
BA	ČengićHasan	Hasan	Čengić	M
BA	ČečuraZdenka	Zdenka	Čečura	U
BA	ČolakBariša	Bariša	Čolak	M
BA	ČoloAlma	Alma	Čolo	F
BA	ČorićNino	Nino	Čorić	U
BA	ČorićValentin	Valentin	Čorić	U
BA	ČovićDragan	Dragan	Čović	M
BA	ĐapoEdita	Edita	Đapo	F
BA	ĐedovićIbrahim	Ibrahim	Đedović	M
BA	ĐedovićMuhamed	Muhamed	Đedović	U
BA	ĐerićDelivoje	Delivoje	Đerić	U
BA	ĐonlagićDženan	Dženan	Đonlagić	M
BA	ĐonlagićMirsad	Mirsad	Đonlagić	M
BA	ĐugumMirsad	Mirsad	Đugum	M
BA	ĐurkovićJelina	Jelina	Đurković	F
BA	ĐurđićNeđo	Neđo	Đurđić	U
BA	ŠainVesna	Vesna	Šain	F
BA	ŠakotaEduard	Eduard	Šakota	U
BA	ŠakotaRanko	Ranko	Šakota	U
BA	ŠantićAhmet	Ahmet	Šantić	U
BA	ŠarabaSlobodan	Slobodan	Šaraba	M
BA	ŠarganovićSenad	Senad	Šarganović	M
BA	ŠarovićMirko	Mirko	Šarović	M
BA	ŠarčevićIsmet	Ismet	Šarčević	M
BA	ŠašivarevićNedžad	Nedžad	Šašivarević	M
BA	ŠegoMilenko	Milenko	Šego	U
BA	ŠegotNikola	Nikola	Šegot	U
BA	ŠehićVehid	Vehid	Šehić	U
BA	ŠekaraMirko	Mirko	Šekara	U
BA	ŠepićSenad	Senad	Šepić	M
BA	ŠerifovićSabrija	Sabrija	Šerifović	U
BA	ŠiljegovićBoško	Boško	Šiljegović	M
BA	ŠimićIlija	Ilija	Šimić	M
BA	ŠkaljićFehim	Fehim	Škaljić	M
BA	ŠkrbićMirko	Mirko	Škrbić	U
BA	ŠmitKristijan	Kristijan	Šmit	U
BA	ŠoljićVladimir	Vladimir	Šoljić	M
BA	ŠpirićIlija	Ilija	Špirić	U
BA	ŠpirićNikola	Nikola	Špirić	M
BA	ŠurjanLaslo	Laslo	Šurjan	U
BA	ŽigićIzet	Izet	Žigić	M
BA	ŽigićJasenka	Jasenka	Žigić	U
BA	ŽilićMehmed	Mehmed	Žilić	M
BA	ŽivaljHusein	Husein	Živalj	U
BA	ŽivkovićGordana	Gordana	Živković	U
BA	ŽivkovićIvo	Ivo	Živković	M
BA	ŽivkovićMilorad	Milorad	Živković	M
BA	ŽugaMirsad	Mirsad	Žuga	U
