country	id	surname	forename	sex
BA	AkšamijaGoran	Goran	Akšamija	M
BA	AlagićVahid	Vahid	Alagić	M
BA	AlijagićAmila	Amila	Alijagić	F
BA	AlkalajSven	Sven	Alkalaj	M
BA	AndrićLužanskiIvo	Ivo	Andrić Lužanski	M
BA	AntoSpajić	Spajić	Anto	M
BA	ArnautBoriša	Boriša	Arnaut	M
BA	ArnautSrđan	Srđan	Arnaut	M
BA	ArnautovićSuad	Suad	Arnautović	M
BA	AšaninMarko	Marko	Ašanin	M
BA	AšimićIlij	Ilij	Ašimić	M
BA	BajrambašićIzet	Izet	Bajrambašić	M
BA	BarašinMilorad	Milorad	Barašin	M
BA	BašićHaris	Haris	Bašić	M
BA	BegićMuhamed	Muhamed	Begić	M
BA	BegićMustafa	Mustafa	Begić	M
BA	BektoSamir	Samir	Bekto	M
BA	BevandaVjekoslav	Vjekoslav	Bevanda	M
BA	BećirbašićEnes	Enes	Bećirbašić	M
BA	BisićMustafa	Mustafa	Bisić	M
BA	BlocerPiter	Piter	Blocer	M
BA	BogdanovićRadomir	Radomir	Bogdanović	M
BA	BorovacSemiha	Semiha	Borovac	F
BA	BosićBoro	Boro	Bosić	M
BA	BoškoŠiljeković	Šiljeković	Boško	M
BA	BošnjakJovica	Jovica	Bošnjak	M
BA	BožanićDragan	Dragan	Božanić	M
BA	BožićRadomir	Radomir	Božić	M
BA	BrankovićNedžad	Nedžad	Branković	M
BA	BrkićJosip	Josip	Brkić	M
BA	CikotićSelmo	Selmo	Cikotić	M
BA	CrnadakIgor	Igor	Crnadak	M
BA	CrnjakMirjana	Mirjana	Crnjak	F
BA	CrnčevićBranislava	Branislava	Crnčević	F
BA	DalipagićSaša	Saša	Dalipagić	M
BA	DautbašićBakir	Bakir	Dautbašić	M
BA	DebevecRanko	Ranko	Debevec	M
BA	DejanovićMirko	Mirko	Dejanović	M
BA	DiksonĐoni	Đoni	Dikson	M
BA	DilberovićEdin	Edin	Dilberović	M
BA	DivčićIvo	Ivo	Divčić	M
BA	DizdarevićDamir	Damir	Dizdarević	M
BA	DizdarevićEmir	Emir	Dizdarević	M
BA	DokoDragan	Dragan	Doko	M
BA	DraganićMilomir	Milomir	Draganić	M
BA	DragutinIlić	Ilić	Dragutin	M
BA	DugandžićVlatko	Vlatko	Dugandžić	M
BA	DumančićVinko	Vinko	Dumančić	M
BA	DurakovićKemal	Kemal	Duraković	M
BA	DžafićSuad	Suad	Džafić	M
BA	DžakulaMiro	Miro	Džakula	M
BA	DžonsonRasellord	Rasellord	Džonson	M
BA	DžumhurJasminka	Jasminka	Džumhur	F
BA	EnesBećirbašić	Bećirbašić	Enes	M
BA	ErićSavo	Savo	Erić	M
BA	EstreljaRafael	Rafael	Estrelja	M
BA	EždaunPedi	Pedi	Eždaun	M
BA	FerzanovićBranislava	Branislava	Ferzanović	F
BA	FilipovićErma	Erma	Filipović	F
BA	FočoDženita	Dženita	Fočo	F
BA	GalićValerija	Valerija	Galić	F
BA	GavranDušan	Dušan	Gavran	M
BA	GotovušaEsad	Esad	Gotovuša	M
BA	GrabovacMilenko	Milenko	Grabovac	M
BA	GrbićAnto	Anto	Grbić	M
BA	GrubešaJosip	Josip	Grubeša	M
BA	GrubešićNiko	Niko	Grubešić	M
BA	GudeljevićAnkica	Ankica	Gudeljević	F
BA	HadţiabdićIrena	Irena	Hadţiabdić	F
BA	HadžagićEsma	Esma	Hadžagić	F
BA	HadžiJovan	Jovan	Hadži	M
BA	HadžiabdićIrena	Irena	Hadžiabdić	F
BA	HadžibegoćReuf	Reuf	Hadžibegoć	M
BA	HadžićDamir	Damir	Hadžić	M
BA	HadžovićVedran	Vedran	Hadžović	M
BA	HalilagićJusuf	Jusuf	Halilagić	M
BA	HalilovićEnver	Enver	Halilović	M
BA	HamondPhilip	Philip	Hamond	M
BA	HaverićFadil	Fadil	Haverić	M
BA	HodžićSead	Sead	Hodžić	M
BA	HuremovićMehmedalija	Mehmedalija	Huremović	F
BA	HurtićZlatko	Zlatko	Hurtić	M
BA	IbrahimovićFadila	Fadila	Ibrahimović	F
BA	ImamovićMuharem	Muharem	Imamović	M
BA	IsakovićMunib	Munib	Isaković	M
BA	IštvanićZlatan	Zlatan	Ištvanić	M
BA	JadrankoTomić	Tomić	Jadranko	M
BA	JancUdo	Udo	Janc	M
BA	JelavićAnte	Ante	Jelavić	M
BA	JelečSead	Sead	Jeleč	M
BA	JerinićBoris	Boris	Jerinić	M
BA	JovićPredrag	Predrag	Jović	M
BA	JukićNives	Nives	Jukić	F
BA	JukićRužica	Ružica	Jukić	F
BA	JurčevićMarinko	Marinko	Jurčević	M
BA	JusićSead	Sead	Jusić	M
BA	JuskoIsmir	Ismir	Jusko	M
BA	KadrićZijad	Zijad	Kadrić	M
BA	KapetinaDragan	Dragan	Kapetina	M
BA	KaramehićSelim	Selim	Karamehić	M
BA	KasumovićFuad	Fuad	Kasumović	M
BA	KeboMirsad	Mirsad	Kebo	M
BA	KlačarRajka	Rajka	Klačar	F
BA	KlobučarŽeljka	Željka	Klobučar	F
BA	KneževićŽeljko	Željko	Knežević	M
BA	KojićSavo	Savo	Kojić	M
BA	KoprivicaKojo	Kojo	Koprivica	M
BA	KoraćLidija	Lidija	Korać	F
BA	KovačPredrag	Predrag	Kovač	M
BA	KovačevićDragan	Dragan	Kovačević	M
BA	KovačevićMatko	Matko	Kovačević	M
BA	KovačevićMomčilo	Momčilo	Kovačević	M
BA	KovačevićPetar	Petar	Kovačević	M
BA	KovićGordana	Gordana	Ković	F
BA	KovićGordanal	Gordanal	Ković	M
BA	KozarićKemal	Kemal	Kozarić	M
BA	KozarićRahmanLamija	Lamija	Kozarić Rahman	F
BA	KraguljNikola	Nikola	Kragulj	M
BA	KrajtmerVinko	Vinko	Krajtmer	M
BA	KremenovićOstoja	Ostoja	Kremenović	F
BA	KresićMijo	Mijo	Kresić	M
BA	KrešićMijo	Mijo	Krešić	M
BA	KrižanovićIvo	Ivo	Križanović	M
BA	KrsmanRanko	Ranko	Krsman	M
BA	KulinaDragan	Dragan	Kulina	M
BA	KumalićJusuf	Jusuf	Kumalić	M
BA	KupusovićNamik	Namik	Kupusović	M
BA	KurnićŽiko	Žiko	Kurnić	M
BA	KurtovićMirsad	Mirsad	Kurtović	M
BA	KutlešaZvonimir	Zvonimir	Kutleša	M
BA	LakićMilica	Milica	Lakić	F
BA	LasićMile	Mile	Lasić	M
BA	LažetićDragana	Dragana	Lažetić	F
BA	LekoDamir	Damir	Leko	M
BA	LimovTihomir	Tihomir	Limov	M
BA	LisakSead	Sead	Lisak	M
BA	LjubićDamir	Damir	Ljubić	M
BA	LokmićMisiračaJadranka	Jadranka	Lokmić Misirača	F
BA	LovrićLjiljana	Ljiljana	Lovrić	F
BA	LovrićVelimir	Velimir	Lovrić	M
BA	LučićMilošJovićNedeljko	Miloš	Lučić	M
BA	LučićMiloš	Miloš	Lučić	M
BA	MahmutovićDževad	Dževad	Mahmutović	M
BA	MajićPetar	Petar	Majić	M
BA	MalićMilomir	Milomir	Malić	M
BA	MalkićAbduselam	Abduselam	Malkić	M
BA	MandićHelena	Helena	Mandić	F
BA	MandićMladen	Mladen	Mandić	M
BA	MarinSlavko	Slavko	Marin	M
BA	MarinkovićVaso	Vaso	Marinković	M
BA	MarinovićIvica	Ivica	Marinović	M
BA	MarićLjerka	Ljerka	Marić	F
BA	MarjanacŽivko	Živko	Marjanac	M
BA	MarjanovićDarko	Darko	Marjanović	M
BA	MarkovićPero	Pero	Marković	M
BA	MatanovićSlavko	Slavko	Matanović	M
BA	MatićBožidar	Božidar	Matić	M
BA	MačkićSead	Sead	Mačkić	M
BA	MađarPero	Pero	Mađar	M
BA	MašinovićMuharem	Muharem	Mašinović	M
BA	MekićDragiša	Dragiša	Mekić	M
BA	MektićDragan	Dragan	Mektić	M
BA	MerdžoJosip	Josip	Merdžo	M
BA	MervanRamiz	Ramiz	Mervan	M
BA	MešanovićHamed	Hamed	Mešanović	M
BA	MihajlovićBožo	Božo	Mihajlović	M
BA	MihajlovićSvetozar	Svetozar	Mihajlović	M
BA	MijatovićVojin	Vojin	Mijatović	M
BA	MikerevićDragan	Dragan	Mikerević	M
BA	MikićDanijela	Danijela	Mikić	F
BA	MikićStjepan	Stjepan	Mikić	M
BA	MiletićDragica	Dragica	Miletić	F
BA	MiletićIvan	Ivan	Miletić	M
BA	MiletićMate	Mate	Miletić	M
BA	MilinićGordan	Gordan	Milinić	M
BA	MilinovićZdenko	Zdenko	Milinović	M
BA	MilićevićĐorđe	Đorđe	Milićević	M
BA	MiočGabrijel	Gabrijel	Mioč	M
BA	MitrovićVojin	Vojin	Mitrović	M
BA	MitrovićHadžiJovan	Jovan	Mitrović Hadži	M
BA	MišićIvica	Ivica	Mišić	M
BA	MlaćoDževad	Dževad	Mlaćo	M
BA	MuharemImamović	Imamović	Muharem	M
BA	MuminovićZada	Zada	Muminović	F
BA	MuratovićHasan	Hasan	Muratović	M
BA	MuratovićZakira	Zakira	Muratović	F
BA	MušovićSamir	Samir	Mušović	M
BA	NekićDževad	Dževad	Nekić	M
BA	NeškovićDušan	Dušan	Nešković	M
BA	NikićStjepan	Stjepan	Nikić	M
BA	NikolPiter	Piter	Nikol	M
BA	NinkovićBojan	Bojan	Ninković	M
BA	NinkovićRanko	Ranko	Ninković	M
BA	NišićSvetozar	Svetozar	Nišić	M
BA	NovkovićMilorad	Milorad	Novković	M
BA	OdobašićIzet	Izet	Odobašić	M
BA	OmersoftićAmila	Amila	Omersoftić	F
BA	OrtonFrank	Frank	Orton	M
BA	PalavrćSeada	Seada	Palavrć	F
BA	PandurevićMilorad	Milorad	Pandurević	M
BA	PandurevićMiodrag	Miodrag	Pandurević	M
BA	ParavacBorislav	Borislav	Paravac	M
BA	ParavlićSeada	Seada	Paravlić	F
BA	PašalićIvica	Ivica	Pašalić	M
BA	PašićHilmo	Hilmo	Pašić	M
BA	PejićIgor	Igor	Pejić	M
BA	PejićNikola	Nikola	Pejić	M
BA	PelivanJure	Jure	Pelivan	M
BA	PerićBranko	Branko	Perić	M
BA	PerkanovićZoran	Zoran	Perkanović	M
BA	PećanacBrane	Brane	Pećanac	M
BA	PeštoErmin	Ermin	Pešto	M
BA	PeštoNermin	Nermin	Pešto	M
BA	PilavaAmir	Amir	Pilava	M
BA	PilicaJasmin	Jasmin	Pilica	M
BA	PiterNikol	Nikol	Piter	M
BA	PivićNezir	Nezir	Pivić	M
BA	PlehHasan	Hasan	Pleh	M
BA	PoljaševićVeselin	Veselin	Poljašević	M
BA	PopadićMilana	Milana	Popadić	F
BA	PopadićNada	Nada	Popadić	F
BA	PopovićVitomir	Vitomir	Popović	M
BA	PrimoracDražen	Dražen	Primorac	M
BA	PrimoracVilim	Vilim	Primorac	M
BA	PrlićJadranko	Jadranko	Prlić	M
BA	PudarZorka	Zorka	Pudar	F
BA	PuhalacSlobodan	Slobodan	Puhalac	M
BA	PuticaMarija	Marija	Putica	F
BA	RackovićĐorđe	Đorđe	Racković	M
BA	RadišićŽivko	Živko	Radišić	M
BA	RadovanovićBećirbašić	Bećirbašić	Radovanović	M
BA	RadovanovićNikola	Nikola	Radovanović	M
BA	RadovićNade	Nade	Radović	M
BA	RaduljSlobodan	Slobodan	Radulj	M
BA	RajilićSnježana	Snježana	Rajilić	F
BA	ReljićDragoljub	Dragoljub	Reljić	M
BA	RečicaNudžeim	Nudžeim	Rečica	M
BA	RidžalNaida	Naida	Ridžal	F
BA	RijanićŽeljko	Željko	Rijanić	M
BA	RizvanbegovićFahrudin	Fahrudin	Rizvanbegović	M
BA	RizvoSamir	Samir	Rizvo	M
BA	RudovićVido	Vido	Rudović	M
BA	SadikovićTarik	Tarik	Sadiković	M
BA	SadovićTarik	Tarik	Sadović	M
BA	SalihovićGoran	Goran	Salihović	M
BA	SalkićMirsad	Mirsad	Salkić	M
BA	SalkičevićDizdarevićErmina	Ermina	Salkićević Dizdarević	F
BA	SamardžijaŽeljko	Željko	Samardžija	M
BA	SandićLjubomir	Ljubomir	Sandić	M
BA	SarajlićSaša	Saša	Sarajlić	M
BA	SavićNevenka	Nevenka	Savić	F
BA	SavićSnježana	Snježana	Savić	F
BA	SladojeNikola	Nikola	Sladoje	M
BA	SmajićMuhamed	Muhamed	Smajić	M
BA	SoftićSenad	Senad	Softić	M
BA	SrkalovićMuris	Muris	Srkalović	M
BA	StanićRadenko	Radenko	Stanić	M
BA	StanišićRajka	Rajka	Stanišić	F
BA	TadićGordana	Gordana	Tadić	F
BA	TegeltijaMilan	Milan	Tegeltija	M
BA	TegeltijaZoran	Zoran	Tegeltija	M
BA	TerizićAdnan	Adnan	Terizić	M
BA	TerzićAdman	Adman	Terzić	M
BA	TešanovićZoran	Zoran	Tešanović	M
BA	TinjakHamdo	Hamdo	Tinjak	M
BA	TodorovićBranka	Branka	Todorović	F
BA	TodorovićJovan	Jovan	Todorović	M
BA	TomićJadranko	Jadranko	Tomić	M
BA	TomićNeven	Neven	Tomić	M
BA	TopićLidija	Lidija	Topić	F
BA	TopčagićOsman	Osman	Topčagić	M
BA	TrišićLjiljana	Ljiljana	Trišić	F
BA	TrninićBožana	Božana	Trninić	F
BA	TrnkaKasim	Kasim	Trnka	M
BA	TulumovićMuhamed	Muhamed	Tulumović	M
BA	TučićBoris	Boris	Tučić	M
BA	TuševljakMilorad	Milorad	Tuševljak	M
BA	TuševljakSpasoje	Spasoje	Tuševljak	M
BA	UsoracVladimir	Vladimir	Usorac	M
BA	VejoDamir	Damir	Vejo	M
BA	VidovićRudo	Rudo	Vidović	M
BA	VignjevićLidija	Lidija	Vignjević	F
BA	VilićMedina	Medina	Vilić	F
BA	VukojaMarin	Marin	Vukoja	M
BA	VukojeMarin	Marin	Vukoje	M
BA	VukovićMirko	Mirko	Vuković	M
BA	VukovićSlaviša	Slaviša	Vuković	F
BA	VukovićVjekoslav	Vjekoslav	Vuković	M
BA	ZahirovićŠaban	Šaban	Zahirović	M
BA	ZekovićMilad	Milad	Zeković	M
BA	ZeljkoZoran	Zoran	Zeljko	M
BA	ZeljkovićSuad	Suad	Zeljković	M
BA	ZirojevićMladen	Mladen	Zirojević	M
BA	ZjajićMilan	Milan	Zjajić	M
BA	ZovkoMirko	Mirko	Zovko	M
BA	ZubakKrešimir	Krešimir	Zubak	M
BA	ĆemalovićNermina	Nermina	Ćemalović	F
BA	ĆosićGoran	Goran	Ćosić	M
BA	ĆosićIvan	Ivan	Ćosić	M
BA	ČamparaAljoša	Aljoša	Čampara	M
BA	ČauševićKemal	Kemal	Čaušević	M
BA	ČavarMladen	Mladen	Čavar	M
BA	ČečuraZdenka	Zdenka	Čečura	F
BA	ČorićNino	Nino	Čorić	M
BA	ČorićValentin	Valentin	Čorić	M
BA	ĐedovićMuhamed	Muhamed	Đedović	M
BA	ĐerićDelivoje	Delivoje	Đerić	M
BA	ĐurđićNeđo	Neđo	Đurđić	M
BA	ŠakotaEduard	Eduard	Šakota	M
BA	ŠakotaRanko	Ranko	Šakota	M
BA	ŠantićAhmet	Ahmet	Šantić	M
BA	ŠegoMilenko	Milenko	Šego	M
BA	ŠegotNikola	Nikola	Šegot	M
BA	ŠehićVehid	Vehid	Šehić	M
BA	ŠekaraMirko	Mirko	Šekara	M
BA	ŠerifovićSabrija	Sabrija	Šerifović	M
BA	ŠkrbićMirko	Mirko	Škrbić	M
BA	ŠmitKristijan	Kristijan	Šmit	M
BA	ŠpirićIlija	Ilija	Špirić	M
BA	ŠurjanLaslo	Laslo	Šurjan	M
BA	ŽigićJasenka	Jasenka	Žigić	F
BA	ŽivaljHusein	Husein	Živalj	M
BA	ŽivkovićGordana	Gordana	Živković	F
BA	ŽugaMirsad	Mirsad	Žuga	M
